name,description
Foam Building Blocks for Kids,Soft foam blocks perfect for building and imaginative play.
Portable Pet Water Bottle,Travel-friendly water bottle for pets on the go.
Mini Cordless Vacuum Cleaner,Handheld vacuum cleaner for quick and easy cleaning.
Classic Minestrone Soup,Hearty minestrone soup loaded with vegetables and pasta.
Caribbean Jerk Marinade,A spicy marinade perfect for chicken and fish.
Asian Noodle Salad Kit,A pre-packaged salad kit with noodles and Asian-style dressing.
Portable Air Purifier,Compact air purifier to improve indoor air quality.
Digital Alarm Clock,Snooze function and LED display for easy reading.
Air Fryer Oven,"Versatile air fryer that also roasts, bakes, and broils."
Nutty Quinoa Salad,"A delicious salad with quinoa, nuts, and cranberries."
Luxury Bathrobe,Soft and cozy bathrobe perfect for relaxing at home.
Fresh Strawberries,"Sweet and juicy strawberries, perfect for desserts."
Quinoa Salad,"A nutritious quinoa salad with veggies and dressing, ready-to-eat."
Organic Black Rice,"Nutty and chewy black rice, high in antioxidants."
Electric Blanket,Extra soft electric blanket with adjustable heat settings.
Folding Pocket Knife,Compact knife with safety lock for everyday use.
Smartphone Holder for Car,Secure phone mount for your vehicle's dashboard.
Roasted Garlic Aioli,Flavored aioli made with roasted garlic
Creamy Ranch Dressing,Classic ranch dressing for salads and dipping.
Oven-Baked Parmesan Zucchini,"Frozen zucchini slices coated in parmesan cheese, perfect for baking or frying."
Puffer Winter Coat,A warm and stylish puffer coat perfect for winter weather.
Ceramic Planter Set,Set of decorative ceramic planters for indoor plants.
Organic Brown Sugar,Natural sweetener for baking and cooking.
Winter Insulated Jacket,Warm and stylish jacket for cold weather.
Homestyle Chicken Noodle Soup,Classic chicken noodle soup with tender chicken and vegetables.
Smartphone Tripod with Remote,Adjustable tripod with remote shutter for smartphones.
Kale Chips,"Healthy, crunchy kale chips, a nutritious snack."
Sparkling Blood Orange Soda,A refreshing sparkling beverage with a bold blood orange flavor.
Portable Pet Stroller,Convenient stroller for pets to enjoy outdoor walks.
Ground Cinnamon,Freshly ground cinnamon spice for baking or seasoning.
Mango Chia Pudding,Healthy chia pudding made with mango and coconut milk.
Pet Grooming Scissors,Quality scissors designed for easy pet grooming.
High-Quality Yoga Mat,Non-slip mat designed for yoga and fitness exercises.
Almond Flour Bread Mix,Gluten-free bread mix made with almond flour.
Mediterranean Olives,A mix of brined Mediterranean olives for snacking.
Caramel Apple Chips,Crispy apple chips drizzled with caramel for a sweet treat.
Nutty Trail Mix,"A blend of nuts, seeds, and dried fruits for snacking."
Adjustable Pet Grooming Table,Professional grooming table with adjustable height.
Pumpkin Spice Creamer,A seasonal creamer that adds pumpkin spice flavor to coffee or tea.
Maxi Wrap Dress,A flowy maxi dress perfect for both casual and semi-formal occasions.
Zesty Garlic Marinade,"A tangy marinade for meats and veggies, packed with garlic flavor."
Spice Rack,Rotating spice rack with 20 spice jars.
Over-the-Door Shoe Organizer,Space-saving solution to store shoes and keep them organized.
Applewood Smoked Bacon,Delicious bacon with a rich applewood smoked flavor.
Active Racerback Tank,Lightweight and moisture-wicking racerback tank for workouts.
Garden Vegetable Soup,"A hearty soup filled with vegetables and herbs, perfect for a light meal."
Non-Stick Baking Sheet,Durable baking sheet coated for easy food release.
Wireless Charging Station,Charge multiple devices with this sleek charging station.
Pumpkin Pancake Mix,Easy-to-make pancake mix with pumpkin spice flavor.
Spicy Avocado Salsa,"A zesty salsa made from ripe avocados, tomatoes, onions, and jalapeños, great for dipping or topping."
Smart Air Purifier,Filters allergens and pollutants from the air for a healthier home.
Electric Pressure Cooker,"Multi-function pressure cooker that can sauté, steam, and slow cook."
Pesto Pasta Sauce,Rich basil pesto sauce for pasta and more.
Cinnamon Roll Protein Bar,Soft and chewy bar packed with protein and cinnamon flavors.
Sketchbook,High-quality sketchbook for artists.
Dried Mango Slices,"Sweet and chewy dried mango slices, perfect for snacking."
Cinnamon Roll Kit,Everything you need to make melt-in-your-mouth cinnamon rolls at home.
Fall-Themed Table Runner,Decorative table runner perfect for autumn gatherings.
Adjustable Kneeling Pad,Comfortable kneeling pad for gardening or home projects.
Travel Jewelry Case,Portable case to organize and protect jewelry on trips.
Trackpad for Laptop,Wireless trackpad for enhanced laptop navigation.
Cereal Dispenser with Portion Control,Maintain freshness and dispense cereal easily.
Set of Measuring Spoons,Stainless steel measuring spoons set for cooking.
Compost Bin,Countertop compost bin for kitchen waste.
Peanut Butter Protein Balls,No-bake energy bites made with peanut butter and oats.
Comfortable Bed Pillow,Supportive pillow designed for a good night's sleep.
Organic Sweet Potatoes,"Fresh and organic sweet potatoes, ideal for roasting."
Portable Charger with Solar Panel,Eco-friendly charger with a built-in solar panel for outdoor use.
Turkey Bacon,"Delicious turkey bacon, a healthier alternative."
Adjustable Resistance Bands,Set of resistance bands for versatile strength training workouts.
Garlic Butter Shrimp,"Frozen shrimp sautéed in garlic butter, ready to thaw and serve over pasta or rice."
Children's Garden Tool Set,Colorful and child-friendly gardening tools for little hands.
Tailored Dress Pants,"Smart tailored dress pants, perfect for work or formal events."
Portable Laptop Table,Foldable table for working with laptops anywhere.
Outdoor Mosquito Repellent Lantern,Lantern that repels mosquitoes while providing light.
Stuffed Bell Peppers,Bell peppers stuffed with rice and vegetables
Honey Garlic Shrimp,"Shrimp marinated in a honey garlic sauce, ready to cook."
Cereal Dispenser with Portion Control,Maintain freshness and dispense cereal easily.
Margherita Pizza,"A frozen pizza topped with fresh mozzarella, tomatoes, and basil."
Ice Cream Scoop,Durable scoop for perfectly shaped ice cream servings.
Juice Extractor,Efficient juicer for fresh fruit and vegetable juices.
Kids' Science Experiment Kit,Engaging kit with science experiments for children.
Garam Masala Spice Blend,A fragrant Indian spice blend for curries and stews.
Smartphone Hand Grip,Sturdy grip to hold your phone securely while taking selfies.
Almond Coconut Granola,Crunchy granola with almonds and coconut.
Sporty Slide Sandals,Comfortable slide sandals for lounging by the pool.
USB Flash Drive,32GB USB flash drive with fast data transfer speeds.
Lightweight Workout Tank,Breathable tank top perfect for workouts or casual wear.
Coconut Macaroons,"Chewy cookies made with coconut, perfect for sweet cravings."
Breathable Face Mask Set,Comfortable and reusable face masks in different styles.
Art Supplies Organizer,Storage organizer for art supplies and tools.
Pumpkin Spice Muffins,Moist and flavorful muffins packed with fall spices and pumpkin puree.
Honey Sesame Chicken Mix,A meal kit featuring tender chicken with honey sesame sauce.
Silicone Wine Glasses,Durable and shatterproof silicone glasses for outdoor use.
Lentil Vegetable Stew,"Hearty stew made with lentils and mixed vegetables, vegan-friendly."
Portable Air Conditioner,Compact air conditioner for personal cooling.
Children's Backpack,Stylish and functional backpack for school or trips.
Knitted Infinity Scarf,A warm knitted scarf to keep you cozy in winter.
Carrot and Celery Sticks,Fresh pre-cut carrot and celery sticks for easy snacking.
Canned Coconut Milk,"Rich coconut milk, great for cooking and baking."
